name_doctor,speciality,location
Dr Inès ZAGUIA,Parodontiste implantologiste,L'aouina Tunis Tunisie
Dr Sahar TURKI,Neurologue,Sfax Ville Sfax Tunisie
Dr Mohyeddine GABSI,Ophtalmologue,Houmet Essouk Medenine Tunisie
Dr Sami NAKAA,Médecin du Travail,Hammamet Nabeul Tunisie
Dr Souhaila HACHMI,Généraliste,Rades Ben arous Tunisie
Dr Rym ABDELKHALEK,Médecin dentiste,Nabeul Tunisie
Dr Yasmine GUEBLAOUI,Médecin dentiste,Borj Louzir Ariana Tunisie
Mme Yosra BORNAZ,Nutritionniste,Centre Urbain Nord Tunis Tunisie
Dr Walid CHARFI,Chirurgien Urologue,Sfax Ville Sfax Tunisie
Dr Wided KHADRAOUI,Médecin Esthétique,Bizerte Tunisie
Mme Siwar BEN YOUNES,Audioprothésiste,Houmet Essouk Medenine Tunisie
Dr Raja HEDDA,Psychiatre,Sousse Ville Sousse Tunisie
Dr Salem HEMDANE,Gynécologue Obstétricien,Sousse Khezama Sousse Tunisie
Dr Yassine SAHLI,Généraliste,Cite Ennkhilet Ariana Tunisie
Dr Amal DIDOUNI,Gynécologue Obstétricien,L'aouina Tunis Tunisie
Dr Elleuch RAMI,Pneumologue,Sfax Ville Sfax Tunisie
Dr Abir BOUFAIED,Gastro-entérologue,Cite Jaouhara Sousse Tunisie
Dr Manel HDIJI NAILI,Pneumologue,Sfax Ville Sfax Tunisie
Dr Mohamed hatem  BEN ALEYA,Chirurgien Généraliste,La Soukra Ariana Tunisie
Dr Fethia BEN MOUSSA AMRI,Cardiologue,Le Bardo Tunis Tunisie
Pr Karim BEN HAMOUDA,Neurochirurgien,Centre Urbain Nord Tunis Tunisie
Dr Safa DHAOUADI,Orthodontiste,Mannouba Tunisie
Pr Foued ARFA,Oto-Rhino-Laryngologiste (ORL),Centre Urbain Nord Tunis Tunisie
Dr Mehdi AJMI,Médecin dentiste,Le Kram Tunis Tunisie
Dr Insaf HADJ ALI GHENIM,Endocrinologue Diabétologue,La Soukra Ariana Tunisie
Dr Henda CHAKROUN,Médecin Esthétique,Cité Ennasr 1 Ariana Tunisie
Dr Amine HADJ KACEM,Chirurgien Cardio-Vasculaire Thoracique,Sfax Ville Sfax Tunisie
Dr Saber SOULA,Médecin dentiste,Sfax El Jadida Sfax Tunisie
Dr Omar ZAHAF,Ophtalmologue,Sfax Est Sfax Tunisie
Pr Monia NOUIRA CHAKROUN,Gynécologue Obstétricien,Sousse Khezama Sousse Tunisie
